Date collected,UCI AMS#,Δ14C (‰),±,δ13C (‰),Concentration (mM C)
1/10/11,136164,8.3,2.3,,
1/10/11,136161,10.6,2.5,0.67,2.34
2/13/11,99410,15.5,1.9,,
2/13/11,99411,19.6,1.9,,
4/12/11,129994,17.5,2.6,,
4/12/11,129995,14.4,2.6,,
5/12/11,99412,17.1,1.8,,
5/12/11,99413,15.8,2.0,,
6/13/11,99414,15.1,1.8,,
6/13/11,99415,16.0,2.1,,
7/13/11,99416,15.9,1.8,,
7/13/11,99417,16.9,1.8,,
8/11/11,99418,16.5,1.9,,
8/11/11,99419,16.5,2.2,,
9/13/11,136165,15.9,2.5,,
9/13/11,99420,13.7,1.9,1.49,2.22
9/13/11,99421,16.3,2.0,,
10/15/11,133972,10.1,1.9,,
11/15/11,128696,11.8,1.9,1.41,2.21
11/15/11,128697,11.6,1.9,,
11/15/11,128698,10.5,1.8,,
11/15/11,128699,7.2,2.0,,
11/15/11,136158,14.3,2.4,,
12/14/11,129997,15.3,2.6,,
12/14/11,129998,15.3,2.6,,
12/14/11,129999,16.4,2.9,,
1/12/12,130003,15.3,2.6,,
1/12/12,130004,11.4,2.6,,
1/12/12,130005,14.3,2.6,,
1/12/12,130006,17.4,2.7,,
3/15/12,136160,22.1,2.6,,
4/12/12,129996,20.9,2.6,,
4/12/12,130001,12.6,2.7,0.49,2.35
5/17/12,136166,15.4,2.4,1.04,2.35
6/14/12,136159,16.7,2.4,1.49,2.26
7/23/12,136167,16.8,2.4,1.63,2.22
8/17/12,136168,15.5,2.4,1.44,2.23
8/17/12,,,,1.51,2.27
9/19/12,136169,17.7,2.6,1.62,2.29
11/14/12,136167,18.8,2.4,1.06,2.28
1/10/13,136643,12.6,3.3,1.22,2.29
2/7/13,136654,16.0,2.7,,
2/7/13,136655,9.5,2.7,,
3/12/13,136151,19.4,2.4,0.91,2.28
4/18/13,136152,9.2,2.7,,
4/18/13,136161,10.6,2.5,0.67,2.34
5/9/13,136153,17.1,2.8,1.37,2.26
6/6/13,136644,13.0,2.7,,
7/6/13,136645,14.8,2.7,,
7/6/13,136646,14.2,2.7,,
8/2/13,136647,4.4,3.0,1.28,2.68
8/27/13,136648,15.5,2.7,1.61,2.26
10/9/13,136649,22.0,2.7,1.71,2.21
11/4/13,136650,14.7,2.7,,
12/4/13,136651,12.3,2.7,1.14,2.26
1/9/14,136652,11.1,2.7,,
1/9/14,136656,9.2,2.7,,
2/10/14,164582,12.2,2.9,1.18,2.27
3/13/14,164583,12.4,2.7,1.47,2.22
4/7/14,164584,12.2,2.6,2.14,2.17
5/8/14,164585,10.3,2.5,1.19,2.28
6/3/14,164586,12.4,2.6,1.40,2.25
7/7/14,164587,10.3,2.6,1.73,2.24
8/4/14,164588,9.2,2.8,1.50,2.26
9/16/14,164589,7.6,2.6,1.53,2.26
10/7/14,164590,10.1,2.7,1.50,2.24
11/25/14,164591,10.1,2.6,1.39,2.24
1/9/15,164592,9.2,2.6,1.32,2.26
2/6/15,164593,10.3,2.7,1.14,2.24
3/23/15,164594,10.1,2.8,,
4/29/15,164595,10.2,2.8,1.38,2.22
5/27/15,164596,5.2,2.6,1.33,2.33
5/27/15,,,,1.26,2.3
6/17/15,164597,10.0,2.7,1.44,2.24
7/24/15,191748,5.2,1.5,1.38,2.26
8/28/15,191743,5.2,1.5,1.63,2.29
9/22/15,191749,8.6,1.6,1.41,2.22
10/30/15,191744,6.7,1.6,-0.30,2.32
11/30/15,191745,11.1,1.6,1.45,2.23
12/18/15,191746,5.6,2.0,1.33,2.30
1/29/16,191747,7.1,1.5,,
1/29/16,262143,3.2,1.6,1.05,2.39
3/28/16,171954,2.3,1.6,,
3/28/16,227518,–2.9,2.6,1.15,2.39
3/28/16,229231,–3.9,2.4,,
3/28/16,262144,3.2,1.6,1.11,2.37
4/29/16,191755,4.7,1.6,,
4/29/16,262145,4.5,1.9,1.21,2.38
5/27/16,191758,–1.1,1.4,,
5/27/16,265836,5.3,1.9,1.34,1.99
6/24/16,191759,1.8,1.4,1.15,2.29
7/28/16,191763,–4.1,1.6,,
9/1/16,191764,–1.4,1.6,1.25,2.23
4/20/17,262147,9.5,1.6,1.33,2.34
4/20/17,262148,12.7,1.7,1.30,2.33
6/1/17,262151,1.7,1.6,1.44,2.35
6/1/17,262152,2.7,1.6,,
7/18/17,262153,6.3,1.8,2.12,2.27
8/23/17,262154,6.6,1.7,1.56,2.34
10/31/17,262155,3.1,1.6,1.43,2.33
12/5/17,262156,7.8,1.6,1.02,2.35
10/18/18,262158,8.6,1.6,1.14,2.29
11/21/18,227508,7.2,2.7,1.08,2.26
11/21/18,,,,1.11,2.24
12/20/18,262158,4.0,1.6,0.87,2.33
12/20/18,265837,7.6,1.7,,
1/24/19,262160,8.0,1.8,,
1/24/19,262161,2.2,1.6,0.98,2.32
3/19/19,262163,3.9,2.3,1.14,2.30
4/18/19,262164,3.0,2.2,1.09,2.29
6/26/19,262166,2.5,1.8,1.03,2.31
8/28/19,229270,4.0,2.3,,
8/28/19,227505,5.4,2.6,,
8/28/19,227506,8.8,2.6,,
8/28/19,227509,5.3,2.8,,
8/28/19,262169,–4.6,1.8,2.09,2.23
9/29/19,262170,5.7,1.8,,
9/29/19,262584,7.0,2.3,1.43,2.28
10/29/19,227510,5.3,2.6,,
11/19/19,229233,6.2,2.3,,
11/19/19,229234,1.6,2.2,,
11/19/19,262171,1.5,1.9,1.10,2.25
1/20/20,262172,–2.7,2.0,0.93,2.42
2/27/20,262173,2.4,1.9,0.93,2.30
6/16/20,262174,2.0,1.7,1.34,2.59
6/16/20,262175,3.3,1.7,1.50,2.27
7/30/20,262176,–5.5,1.7,1.10,2.62
8/24/20,262177,–7.2,1.8,1.80,2.25
9/18/20,262178,–8.0,2.0,1.72,2.31
9/18/20,162585,–2.6,1.6,1.66,2.26
10/20/20,262179,1.6,1.7,1.52,2.04
3/11/21,262180,–6.3,2.1,0.61,2.67
3/11/21,265842,–0.3,1.8,,
3/11/21,265843,–2.0,1.8,,
4/20/21,262181,–2.3,1.7,1.05,2.29
4/20/21,262182,1.2,2.3,1.04,2.36
5/14/21,262183,–0.3,2.2,1.08,2.67
6/25/21,262184,–5.3,1.7,1.39,2.26
8/17/21,262185,–5.4,1.7,1.61,2.22
9/30/21,262186,–7.1,1.4,1.34,2.26
9/30/21,,,,1.40,2.26
9/30/21,262586,–4.7,1.6,,
10/7/21,262187,–5.6,1.6,1.39,2.24
10/15/21,262188,–5.8,1.6,1.12,2.25
10/28/21,262189,–4.7,1.7,1.69,2.17
12/21/21,262190,–12.6,1.7,1.07,2.26
12/21/21,265844,–4.0,1.8,,
1/19/22,262587,–4.8,1.6,1.23,2.23
2/18/22,262588,–4.8,1.6,1.17,2.23
3/17/22,262191,–5.7,1.5,0.89,2.25
4/13/22,262141,–8.4,1.9,1.19,2.24
4/13/22,262582,–3.0,1.8,1.04,2.30
5/16/22,265845,–4.7,1.7,1.24,2.19
